{"cameraMode":{"drawMode":0,"name":"Shaded","section":"Shading Mode"},"sceneLighting":false,"audioPlay":false,"sceneViewState":{"showFog":false,"showMaterialUpdate":false,"showSkybox":false,"showFlares":false,"showImageEffects":false,"showParticleSystems":false},"in2DMode":false,"pivot":{"x":-0.07000000029802323,"y":10.699999809265137,"z":-9.880000114440918},"rotation":{"x":0.2235656976699829,"y":0.4481339752674103,"z":-0.11681699007749558,"w":0.8576409816741943},"size":22.0,"orthographic":true}